<!-- 
    https://bert-toolkit.com/imagemso-list.html ==> use imageMSO
    https://www.flaticon.com/ 
-->

<customUI xmlns="http://schemas.microsoft.com/office/2009/07/customui"> 
  <ribbon startFromScratch="false"> 
    <tabs> 
      <tab id="KO_LRP" label="KO LRP"> 
        <group id="login" label="Authentication"> 
             <button id="sso_login" imageMso="GroupAdminister" size="large" 
                      label="Login" 
                      screentip="login on KO LRP PLatform" 
                      onAction="open_login"/> 
                <button id="sso_logout" imageMso="PrintPreviewClose" size="large" 
                      label="LogOut" 
                      screentip="..." 
                      onAction="open_login"/> 
        </group>
            
        <group id="Control_001" label="MRP-N"> 
             <button id="b_mrpn" image="mrpn" size="large" 
                      label="Support MRPN" 
                      screentip="Ask for support of our team"
                      onAction="open_hyperlink_mrpn"/> 
             <button id="b_coca" image="ko3" size="large" 
                      label="Support KO" 
                      screentip="Contact KO Technical Team" 
                      onAction="open_hyperlink_ko"/> 
        </group>
            
        <group id="Control_002" label="SQL"> 
            <button id="b004" image="table" size="large" 
                  label="SQL Data" 
                  getEnabled="GetEnabled" 
                  screentip="This is a Tip about what this button do on MRP-N add-in" 
                  onAction="msg_open"/> 

        </group>  
            
         <group id="Control_003" label="Master Data"> 
            <button id="b4" imageMso="AccessRefreshAllLists" size="large" 
                  label="Refresh Data" 
                  screentip="This is a Tip about what this button do on MRP-N add-in" 
                  onAction="msg_open"/> 
            <button id="b61" imageMso="UpgradeWorkbook" size="large" 
                  label="Upload Data" 
                  screentip="This is a Tip about what this button do on MRP-N add-in" 
                  onAction="msg_open"/> 
            <button id="b62" imageMso="TableExcelSpreadsheetInsert" size="large" 
                  label="Country Plant" 
                  screentip="This is a Tip about what this button do on MRP-N add-in" 
                  onAction="ReadCSVFile"/> 
            <button id="b63" imageMso="TableRowsOrColumnsOrCellsInsert" size="large" 
                  label="SKU By Line" 
                  screentip="This is a Tip about what this button do on MRP-N add-in" 
                  onAction="msg_open"/> 
            <button id="b64" imageMso="DatasheetView" size="large" 
                  label="Hours By Line" 
                  screentip="This is a Tip about what this button do on MRP-N add-in" 
                  onAction="msg_open"/> 
            <button id="b65" imageMso="TableShowGridlines" size="large" 
                  label="OUBP Demand" 
                  screentip="This is a Tip about what this button do on MRP-N add-in" 
                  onAction="msg_open"/> 
            <button id="b66" imageMso="_3DStyle" size="large" 
                  label="Demand Incremental" 
                  screentip="This is a Tip about what this button do on MRP-N add-in" 
                  onAction="msg_open"/> 
            <button id="b67" imageMso="Chart3DColumnChart" size="large" 
                  label="CAPEX" 
                  screentip="This is a Tip about what this button do on MRP-N add-in" 
                  onAction="msg_open"/> 

            <button id="b7" imageMso="FunctionWizard" size="large" 
                  label="Run Simulation" 
                  screentip="This is a Tip about what this button do on MRP-N add-in" 
                  onAction="msg_open"/> 
            <button id="b1" imageMso="EqualSign" size="normal" 
                  label="IfErrorBlank" 
                  onAction="msg_open"/> 
            <button id="b3" imageMso="EqualSign" size="normal" 
                  label="IfErrorZero" 
                  onAction="msg_open"/> 
        </group> 
      </tab> 
    </tabs> 
  </ribbon> 
</customUI> 